13.05,00:00,CS:GO. ESL One,Team Heretics,North,П1,1.54,П2,2.33
13.05,17:00,CS:GO. ESL One,Virtus.Pro,Nemiga Gaming,П1,1.43,П2,2.62
13.05,20:30,CS:GO. ESL One,FaZe,Ninjas In Pyjamas,П1,1.62,П2,2.15
14.05,00:00,CS:GO. ESL One,Astralis,G2,П1,1.32,П2,3.11
14.05,17:00,CS:GO. ESL One,Winstrike Team,Syman Gaming,П1,1.85,П2,1.85
12.05,17:00,Dota 2. WePlay! Pushka League,Vp.prodigy,Team Liquid,П1,2.7,П2,1.39
12.05,20:00,Dota 2. WePlay! Pushka League,Team Unique,ViKin.gg,П1,3.12,П2,1.3
12.05,21:00,CS:GO. BLAST Rising,AGO,HAVU Gaming,П1,3.02,П2,1.31
12.05,22:15,CS:GO. BLAST Rising,Giants Gaming,Nordavind,П1,3.08,П2,1.3
12.05,23:30,CS:GO. BLAST Rising,Nordavind,HAVU Gaming,П1,2.83,П2,1.35
13.05,00:45,CS:GO. BLAST Rising,Giants Gaming,AGO,П1,2.68,П2,1.39
13.05,02:00,CS:GO. BLAST Rising,HAVU Gaming,Giants Gaming,П1,1.25,П2,3.4
13.05,03:15,CS:GO. BLAST Rising,AGO,Nordavind,П1,2.18,П2,1.58
13.05,21:00,CS:GO. BLAST Rising,japaleno,Movistar Riders,П1,2.66,П2,1.4
13.05,22:15,CS:GO. BLAST Rising,Apeks,FATE eSports,П1,1.61,П2,2.12
13.05,23:30,CS:GO. BLAST Rising,FATE eSports,Movistar Riders,П1,2.66,П2,1.4
14.05,00:45,CS:GO. BLAST Rising,Apeks,japaleno,П1,1.88,П2,1.79
14.05,02:00,CS:GO. BLAST Rising,Movistar Riders,Apeks,П1,1.52,П2,2.3
13.05,12:00,CS:GO. BW ASIA MASTERS,Let's Quit,OneThree. TSG,П1,5.01,П2,1.13
13.05,15:00,CS:GO. BW ASIA MASTERS,Invictus Gaming,Team Zero,П1,2,П2,1.7
14.05,15:00,CS:GO. BW ASIA MASTERS,Team Aster,OneThree. TSG,П1,4.81,П2,1.14
19.05,18:00,CS:GO. DreamHack Masters,Astralis,Heroic,П1,1.09,П2,5.69
19.05,21:30,CS:GO. DreamHack Masters,G2 Esports,North,П1,1.21,П2,3.74
21.05,02:10,CS:GO. DreamHack Masters,MIBR,FURIA,П1,2.38,П2,1.49
22.05,18:00,CS:GO. DreamHack Masters,Mousesports,compLexity,П1,1.38,П2,2.71
22.05,21:30,CS:GO. DreamHack Masters,MAD Lions,BIG,П1,1.49,П2,2.37
25.05,18:00,CS:GO. DreamHack Masters,Fnatic,Team Spirit,П1,1.28,П2,3.2
25.05,21:30,CS:GO. DreamHack Masters,FaZe,GODSENT,П1,1.34,П2,2.87
26.05,02:10,CS:GO. DreamHack Masters,Evil Geniuses,Cloud9,П1,1.29,П2,3.15
12.05,21:00,CS:GO. ESEA,Demolition Crew,PACT,П1,2.21,П2,1.57
12.05,21:00,CS:GO. ESEA,Nexus,CR4ZY,П1,2.54,П2,1.44
12.05,21:00,CS:GO. ESEA,vyrix,Sangal Esports,П1,2.22,П2,1.57
12.05,22:00,CS:GO. ESEA,Team Sigma,Underdogs,П1,1.47,П2,2.44
12.05,22:00,CS:GO. ESEA,Tricked eSport,SJ Gaming,П1,1.71,П2,1.99
12.05,22:00,CS:GO. ESEA,Winstrike Team,BARTOSZE,П1,1.15,П2,4.54
12.05,23:00,CS:GO. ESEA,Nexus,Lilmix,П1,1.76,П2,1.92
13.05,00:00,CS:GO. ESEA,Izako Boars,Tricked eSport,П1,2.26,П2,1.55
13.05,00:00,CS:GO. ESEA,Wygers,Kombucha,П1,1.36,П2,2.83
13.05,00:00,CS:GO. ESEA,nRage,LOG Esports,П1,1.76,П2,1.92
13.05,00:00,CS:GO. ESEA,nevermind,Team Sigma,П1,1.4,П2,2.69
13.05,01:00,CS:GO. ESEA,Aalborg Rebels,Atlando,П1,1.41,П2,2.63
13.05,06:00,CS:GO. ESEA,New England Whalers,Swedish Canadians,П1,1.36,П2,2.83
13.05,21:00,CS:GO. ESEA,ALTERNATE aTTaX,Nemiga Gaming,П1,1.71,П2,1.99
13.05,22:00,CS:GO. ESEA,Wisla Krakow,Unicorns Of Love,П1,1.83,П2,1.84
13.05,23:00,CS:GO. ESEA,Sprout,SKADE,П1,1.46,П2,2.48
13.05,23:00,CS:GO. ESEA,Team EndPoint,Nemiga Gaming,П1,1.69,П2,2.01
13.05,23:00,CS:GO. ESEA,Demolition Crew,Hellraisers,П1,2.33,П2,1.52
14.05,00:00,CS:GO. ESEA,SKADE,PACT,П1,1.42,П2,2.62
12.05,22:00,CS:GO. ESL,Izako Boars,CLEANTmix,П1,1.65,П2,2.07
12.05,23:00,CS:GO. ESL,Tenerife Titans,Sateliti,П1,1.17,П2,4.23
12.05,23:00,CS:GO. ESL,CLEANTmix,Izako Boars,П1,2.07,П2,1.65
12.05,23:15,CS:GO. ESL,Planetkey,Team SkinBaron,П1,1.37,П2,2.78
12.05,23:15,CS:GO. ESL,DIVIZON,Epikk Esports,П1,2.67,П2,1.4
12.05,23:15,CS:GO. ESL,TKA E-Sports,Touch the crown,П1,2.25,П2,1.55
12.05,23:15,CS:GO. ESL,Cowana Gaming,Zeroseven Gera Esports,П1,1.23,П2,3.65
13.05,00:00,CS:GO. ESL,AVEZ,Illuminar Gaming,П1,2.34,П2,1.51
13.05,00:00,CS:GO. ESL,Mynec Gaming,LAMIF,П1,2.27,П2,1.54
13.05,01:00,CS:GO. ESL,Illuminar Gaming,AVEZ,П1,1.51,П2,2.34
13.05,01:00,CS:GO. ESL,ONE One,Fwrd,П1,2.87,П2,1.35
13.05,02:00,CS:GO. ESL,Reunie,Sector One,П1,1.69,П2,2.02
13.05,02:00,CS:GO. ESL,ONE One Esport,Amsterdam Kings,П1,3.23,П2,1.28
13.05,21:00,CS:GO. Finnish Esports League,HAVU Gaming,Team Crazycoco,П1,1.11,П2,5.4
13.05,21:00,CS:GO. Finnish Esports League,ajuri,Veto Esports,П1,2.23,П2,1.56
13.05,21:00,CS:GO. Finnish Esports League,Conquer Gaming,Hreds,П1,1.99,П2,1.71
13.05,23:00,CS:GO. Finnish Esports League,Conquer Gaming,SJ Gaming,П1,3.27,П2,1.28
12.05,14:50,CS:GO. Home Sweet Home Cup,Hard Legion Esports,ALTERNATE aTTaX,П1,1.62,П2,2.1
12.05,16:20,CS:GO. Home Sweet Home Cup,Ambush,Salamander,П1,2.38,П2,1.49
12.05,16:55,CS:GO. LOOTBET League,Heroic,Gambit Youngsters,П1,1.41,П2,2.63
13.05,23:45,CS:GO. LVP Assault Division,x6tence Black,Dogmination,П1,2.43,П2,1.48
13.05,01:00,CS:GO. LVP Unity League,eXploit Esports,Tenerife Titans,П1,2.53,П2,1.44
13.05,02:00,CS:GO. LVP Unity League,QLASH,S2V Esports,П1,5.47,П2,1.1
14.05,01:00,CS:GO. LVP Unity League,Wygers,FOR The Win Esports,П1,1.26,П2,3.41
14.05,02:00,CS:GO. LVP Unity League,KPI Gaming,Team Heretics,П1,4.7,П2,1.14
12.05,18:00,CS:GO. Maopea Streamers Challenge,Let's Quit,OB,П1,2.16,П2,1.6
14.05,02:00,CS:GO. Master League Portugal,Galatics Esports Club,Baecon Gaming Group,П1,6.1,П2,1.08
12.05,22:30,CS:GO. SECTOR: MOSTBET,Team LDLC,Natus Vincere Junior,П1,1.55,П2,2.26
12.05,23:00,CS:GO. Svenska Elitserien,Lilmix,Benimobroderna,П1,1.06,П2,6.83
12.05,23:00,CS:GO. Svenska Elitserien,Vinkelparty,Prima eSport,П1,2.99,П2,1.33
13.05,00:00,CS:GO. Svenska Elitserien,soyboysxP,Begrip Gaming,П1,4.29,П2,1.17
13.05,01:00,CS:GO. Svenska Elitserien,GoBananas,Sons of Lennart,П1,2.59,П2,1.42
13.05,01:00,CS:GO. Svenska Elitserien,Tikitakan,Mygame Esports,П1,1.95,П2,1.74
14.05,00:00,CS:GO. Svenska Elitserien,Fightclub,flisk,П1,1.24,П2,3.57
14.05,01:00,CS:GO. Svenska Elitserien,Begrip Gaming,Vinkelparty,П1,2.35,П2,1.51
15.05,00:00,CS:GO. Svenska Elitserien,Sons of Lennart,soyboysxP,П1,1.15,П2,4.62
15.05,00:00,CS:GO. Svenska Elitserien,Mygame Esports,Lotb,П1,1.42,П2,2.59
15.05,01:00,CS:GO. Svenska Elitserien,Fightclub,GoBananas,П1,1.3,П2,3.13
15.05,01:00,CS:GO. Svenska Elitserien,flisk,Tikitakan,П1,2.18,П2,1.59
13.05,14:00,Dota 2. China Development League,iG Vitality,LGD.International,П1,1.87,П2,1.8
19.05,17:00,Dota 2. China Development League,Aster.Aries,Vici Gaming Potential,П1,1.42,П2,2.59
14.05,14:00,Dota 2. China Pro League,Invictus Gaming,CDEC Gaming,П1,1.41,П2,2.63
14.05,17:00,Dota 2. China Pro League,Sparking Arrow Gaming,CDEC Gaming,П1,2.07,П2,1.65
15.05,17:00,Dota 2. China Pro League,Newbee,Team Aster,П1,2.71,П2,1.39
16.05,17:00,Dota 2. China Pro League,PSG.LGD,CDEC Gaming,П1,1.42,П2,2.6
17.05,14:00,Dota 2. China Pro League,Vici Gaming,Invictus Gaming,П1,1.64,П2,2.09
17.05,17:00,Dota 2. China Pro League,PSG.LGD,EHOME,П1,1.42,П2,2.6
12.05,15:00,Dota 2. Cyber Cup,Cignal Ultra,Team CR,П1,1.94,П2,1.74
12.05,18:00,Dota 2. Cyber Cup,T1 Gaming,Team CR,П1,1.84,П2,1.84
13.05,09:00,Dota 2. Cyber Cup,Geek Fam,Cignal Ultra,П1,1.12,П2,5.19
13.05,12:00,Dota 2. Cyber Cup,Neon Esports,Execration,П1,1.22,П2,3.75
13.05,15:00,Dota 2. Cyber Cup,Execration,496 Gaming,П1,1.87,П2,1.8
13.05,18:00,Dota 2. Cyber Cup,LGD.International,496 Gaming,П1,1.25,П2,3.48
12.05,17:00,Dota 2. DPL-CDA Professional League,Invictus Gaming,NewBee,П1,1.23,П2,3.64
13.05,14:00,Dota 2. DPL-CDA Professional League,Royal Never Give Up,Keen Gaming,П1,1.06,П2,7
13.05,17:00,Dota 2. DPL-CDA Professional League,Vici Gaming,Sparking Arrow Gaming,П1,1.35,П2,2.88
14.05,14:00,Dota 2. DPL-CDA Professional League,EHOME,Keen Gaming,П1,1.07,П2,6.35
14.05,17:00,Dota 2. DPL-CDA Professional League,NewBee,PSG.LGD,П1,4.84,П2,1.13
15.05,14:00,Dota 2. DPL-CDA Professional League,Invictus Gaming,Team Aster,П1,1.63,П2,2.11
15.05,17:00,Dota 2. DPL-CDA Professional League,Keen Gaming,PSG.LGD,П1,8,П2,1.04
16.05,17:00,Dota 2. DPL-CDA Professional League,Royal Never Give Up,Sparking Arrow Gaming,П1,1.34,П2,2.94
17.05,14:00,Dota 2. DPL-CDA Professional League,CDEC Gaming,Sparking Arrow Gaming,П1,1.64,П2,2.09
17.05,17:00,Dota 2. DPL-CDA Professional League,Royal Never Give Up,Team Aster,П1,1.5,П2,2.38
15.05,17:00,Dota 2. Epic Prime League,Vp.prodigy,Team Spirit,П1,1.26,П2,3.32
15.05,20:00,Dota 2. Epic Prime League,Virtus.Pro,FlytoMoon,П1,1.47,П2,2.42
12.05,15:00,Dota 2. ESL One. Квалификация,Longinus,BAD BOYS,П1,2.14,П2,1.61
12.05,15:00,Dota 2. ESL One. Квалификация,Reality Rift,Flower Gaming,П1,1.24,П2,3.56
12.05,18:00,Dota 2. ESL One. Квалификация,CDEC Gaming,Starluck,П1,1.16,П2,4.44
12.05,18:00,Dota 2. ESL One. Квалификация,Motivade.Trust Gaming,Team CR,П1,1.79,П2,1.88
12.05,15:00,Dota 2. Hephaestus Cup,496 Gaming,LGD.International,П1,3.03,П2,1.32
13.05,09:00,Dota 2. Hephaestus Cup,Elephant,Team Adroit,П1,7.36,П2,1.05
13.05,12:00,Dota 2. Hephaestus Cup,Goodfellaz,T1 Gaming,П1,1.94,П2,1.74
13.05,15:00,Dota 2. Hephaestus Cup,Reality Rift,Team Adroit,П1,3.78,П2,1.21
12.05,21:00,Dota 2. Isolation Cup,CR4ZY,Nemiga Gaming,П1,1.8,П2,1.87
12.05,23:30,Dota 2. Isolation Cup,KVP,FlyToMoon 2.0,П1,1.62,П2,2.12
13.05,15:00,Dota 2. OGA Dota Pit,OG,HellRaisers,П1,1.57,П2,2.22
13.05,21:00,Dota 2. OGA Dota Pit,Team Secret,Virtus.Pro,П1,1.43,П2,2.57
12.05,22:00,Dota 2. PM League,FlyToMoon 2.0,Team Empire Hope,П1,1.9,П2,1.78
13.05,16:00,King of Glory. KPL,TTG X-Quest,Vici Gaming,П1,1.23,П2,3.94
13.05,18:00,King of Glory. KPL,Dynamite Gaming,QG Happy,П1,1.23,П2,3.88
14.05,16:00,King of Glory. KPL,LGD Goose,GK Gaming,П1,1.14,П2,5.26
14.05,18:00,King of Glory. KPL,YTG,AG Super Play,П1,5.83,П2,1.09
15.05,16:00,King of Glory. KPL,Rng.m,TS Gaming,П1,1.74,П2,2.02
15.05,18:00,King of Glory. KPL,RW1,Top Esports,П1,1.71,П2,1.98
16.05,13:00,King of Glory. KPL,Team WE,Hero,П1,1.28,П2,3.5
16.05,16:00,King of Glory. KPL,eStar Pro,Edgm,П1,1.28,П2,3.5
16.05,18:00,King of Glory. KPL,LGD Goose,QG Happy,П1,1.14,П2,4.75
17.05,13:00,King of Glory. KPL,Team WE,TTG X-Quest,П1,2.02,П2,1.74
17.05,16:00,King of Glory. KPL,Rng.m,Vici Gaming,П1,1.25,П2,3.44
17.05,18:00,King of Glory. KPL,eStar Pro,YTG,П1,1.55,П2,2.36
13.05,12:00,King of Glory. KPLGT,Mighty Tiger Gaming,Ghost Owl Gaming,П1,1.23,П2,3.94
13.05,03:00,League of Legends. BRCC,Havan Liberty Gaming,Team oNe eSports,П1,2.03,П2,1.68
16.05,14:00,Overwatch. OWL,Seoul Dynasty,Chengdu Hunters,П1,1.18,П2,4.15
16.05,16:00,Overwatch. OWL,London Spitfire,Shanghai Dragons,П1,5.61,П2,1.1
16.05,18:00,Overwatch. OWL,New York Excelsior,Hangzhou Spark,П1,1.23,П2,3.64
17.05,01:00,Overwatch. OWL,Vancouver Titans,Houston Outlaws,П1,4.55,П2,1.15
17.05,03:00,Overwatch. OWL,Florida Mayhem,Washington Justice,П1,1.1,П2,5.71
17.05,05:00,Overwatch. OWL,Los Angeles Gladiators,Boston Uprising,П1,1.1,П2,5.71
17.05,07:00,Overwatch. OWL,San Francisco Shock,Atlanta Reing,П1,1.18,П2,4.16
17.05,14:00,Overwatch. OWL,Guagzhou Charge,Chengdu Hunters,П1,1.3,П2,3.12
17.05,16:00,Overwatch. OWL,Hangzhou Spark,London Spitfire,П1,2.18,П2,1.59
18.05,01:00,Overwatch. OWL,Dallas Fuel,Paris Eternal,П1,2.34,П2,1.51
18.05,03:00,Overwatch. OWL,Philadelphia Fusion,Vancouver Titans,П1,1.07,П2,6.52
18.05,05:00,Overwatch. OWL,Toronto Defiant,Los Angeles Valiant,П1,2.73,П2,1.39
12.05,15:00,Rainbow Six. Six Masters,Pittsburgh Knights,Kanga Esports,П1,1.56,П2,2.23
12.05,16:15,Rainbow Six. Six Masters,Kanga Esports,Pittsburgh Knights,П1,2.23,П2,1.56
12.05,17:30,Rainbow Six. Six Masters,TBD,Team Ferox,П1,1.4,П2,2.68
12.05,18:45,Rainbow Six. Six Masters,Team Ferox,TBD,П1,3.03,П2,1.32
13.05,15:00,Rainbow Six. Six Masters,Wildcard Gaming,LFO,П1,1.43,П2,2.56
13.05,16:15,Rainbow Six. Six Masters,LFO,Wildcard Gaming,П1,2.56,П2,1.43
13.05,17:30,Rainbow Six. Six Masters,Elevate,Team SiNister,П1,1.52,П2,2.32
13.05,18:45,Rainbow Six. Six Masters,Team SiNister,Elevate,П1,2.32,П2,1.52
12.05,23:00,Rainbow Six. Spain Nationals,AION Esports,Flamengo Stars,П1,2.15,П2,1.61
13.05,00:15,Rainbow Six. Spain Nationals,Electrify,Movistar Riders,П1,3.44,П2,1.25
13.05,01:30,Rainbow Six. Spain Nationals,Cream eSports,Giants Spain,П1,3.88,П2,1.2
15.05,00:15,Rainbow Six. Spain Nationals,Wizards Esports Club,Heretics,П1,5.25,П2,1.11
13.05,13:00,Starcraft 2. Alpha Pro Series,Astrea,Armani,П1,3.88,П2,1.2
12.05,18:30,Starcraft 2. Gold Series,Dragon Phoenix Gaming,Alpha X,П1,1.01,П2,9.75
13.05,15:30,Starcraft 2. GSL,Trap,Bunny,П1,1.19,П2,3.99
13.05,15:30,Starcraft 2. GSL,PartinG,soO,П1,2.78,П2,1.37
16.05,10:00,Starcraft 2. GSL,Maru,Ragnarok,П1,1.04,П2,8.25
16.05,10:00,Starcraft 2. GSL,Innovation,Zest,П1,1.42,П2,2.59
15.05,18:00,Starcraft 2. IntoTheAlphaX Pro Circuit,Rogue,TY,П1,2.16,П2,1.6
15.05,18:00,Starcraft 2. IntoTheAlphaX Pro Circuit,Zoun,Creator,П1,2.18,П2,1.59
17.05,16:00,Starcraft 2. IntoTheAlphaX Pro Circuit,Solar,Cure,П1,3.13,П2,1.3
17.05,16:00,Starcraft 2. IntoTheAlphaX Pro Circuit,Astrea,HURRICANE,П1,4.12,П2,1.18
12.05,22:45,Starcraft 2. WardiTV,Soul,Kelazhur,П1,1.42,П2,2.59
12.05,22:45,Starcraft 2. WardiTV,Elazer,GungFuBanDa,П1,1.28,П2,3.26
15.05,17:00,Starcraft 2. WardiTV,Cure,TY,П1,1.83,П2,1.84
15.05,17:00,Starcraft 2. WardiTV,PartinG,soO,П1,2.74,П2,1.38
15.05,17:45,Starcraft 2. WardiTV,Cure,Solar,П1,1.3,П2,3.13
15.05,17:45,Starcraft 2. WardiTV,PartinG,TY,П1,2.24,П2,1.56
15.05,18:30,Starcraft 2. WardiTV,Cure,soO,П1,1.51,П2,2.35
15.05,18:30,Starcraft 2. WardiTV,TY,Solar,П1,1.38,П2,2.74
